iter	Logloss
0	0.5785858527
1	0.5214009255
2	0.4735349268
3	0.4248280674
4	0.3703673065
5	0.3270752668
