iter	Logloss
0	0.5193165541
1	0.4365911086
2	0.3785857757
3	0.3419228395
4	0.285918196
